first_name,last_name,email,gender,language,age
Krishna,Popplestone,kpopplestone0@berkeley.edu,Non-binary,Japanese,85
Wilbert,Gavaran,wgavaran1@whitehouse.gov,Male,Thai,47
Anthe,Klulisek,aklulisek2@go.com,Genderqueer,Persian,37
Filbert,Roebuck,froebuck3@google.com,Male,Maltese,43
Lisetta,Cohan,lcohan4@lulu.com,Non-binary,Tsonga,32
Shellie,Blackston,sblackston5@goodreads.com,Female,Maltese,30
Tani,Clayton,tclayton6@nifty.com,Female,English,87
Fern,Beckerleg,fbeckerleg7@zdnet.com,Non-binary,Icelandic,78
Garth,Kegg,gkegg8@pinterest.com,Female,New Zealand Sign Language,82
Sarena,Kearey,skearey9@tinypic.com,Female,Ndebele,83
Nicky,Neale,nnealea@foxnews.com,Genderfluid,Swati,21
Devinne,Tomaszewski,dtomaszewskib@buzzfeed.com,Polygender,Papiamento,24
Nananne,Reagan,nreaganc@apache.org,Genderfluid,Kannada,73
Zsa zsa,Hurring,zhurringd@addthis.com,Bigender,Bengali,78
Syman,Widdison,swiddisone@yahoo.com,Genderqueer,Sotho,39
Fraze,Penner,fpennerf@about.me,Female,Kurdish,29
Murvyn,Legat,mlegatg@microsoft.com,Female,Hebrew,44
Skip,Pincked,spinckedh@godaddy.com,Polygender,Bengali,38
Geoff,Bolles,gbollesi@ifeng.com,Female,Tsonga,78
Gloria,Augustine,gaugustinej@globo.com,Female,German,89
Shana,Weafer,sweaferk@acquirethisname.com,Genderfluid,Māori,86
Nicko,Agass,nagassl@soundcloud.com,Genderfluid,Azeri,61
Mose,Lineham,mlinehamm@sbwire.com,Female,Dutch,40
Justino,Satyford,jsatyfordn@mail.ru,Genderqueer,Dzongkha,76
Chick,Lansbury,clansburyo@1und1.de,Genderqueer,Filipino,47
Nial,Twitchett,ntwitchettp@vkontakte.ru,Genderfluid,Quechua,66
Bernard,Cursey,bcurseyq@walmart.com,Polygender,Tamil,37
Maudie,Cantua,mcantuar@ycombinator.com,Female,Pashto,71
Sonnie,Sharer,ssharers@china.com.cn,Polygender,Gujarati,29
Deeann,Smitheman,dsmithemant@hhs.gov,Genderfluid,Kyrgyz,68
Archer,Polk,apolku@elpais.com,Polygender,Czech,25
Florida,Howling,fhowlingv@bigcartel.com,Agender,Tok Pisin,29
Muire,Sommerland,msommerlandw@yale.edu,Genderfluid,Kurdish,88
Weber,Larking,wlarkingx@4shared.com,Non-binary,Filipino,65
Loleta,Bidder,lbiddery@csmonitor.com,Female,Hungarian,43
Karla,Paladino,kpaladinoz@a8.net,Bigender,Tswana,89
Alyosha,McCarrick,amccarrick10@list-manage.com,Non-binary,Dutch,29
Morgun,Clack,mclack11@answers.com,Genderqueer,Fijian,59
Leigh,Pawson,lpawson12@surveymonkey.com,Agender,Hindi,19
Britteny,Fancet,bfancet13@uiuc.edu,Bigender,Somali,62
Melissa,Petrowsky,mpetrowsky14@hibu.com,Genderfluid,New Zealand Sign Language,53
Philip,Arkle,parkle15@surveymonkey.com,Non-binary,West Frisian,78
Abdel,Pringer,apringer16@canalblog.com,Genderqueer,Korean,54
Vivyan,Bentham,vbentham17@wikipedia.org,Non-binary,West Frisian,39
Adan,Huxton,ahuxton18@prlog.org,Non-binary,New Zealand Sign Language,59
Loy,Crebbin,lcrebbin19@thetimes.co.uk,Bigender,Assamese,57
Muire,Kollatsch,mkollatsch1a@t-online.de,Genderfluid,Dutch,46
Bay,Blackaller,bblackaller1b@surveymonkey.com,Agender,Papiamento,63
Shandy,Capener,scapener1c@t.co,Genderqueer,Croatian,33
Cully,Greenman,cgreenman1d@phpbb.com,Genderqueer,Bulgarian,80
Alister,Witherup,awitherup1e@weebly.com,Genderqueer,Zulu,40
Zelma,Emlen,zemlen1f@google.co.jp,Genderqueer,Finnish,87
Paulo,Somerled,psomerled1g@blogspot.com,Genderqueer,Korean,37
Leda,Mathewes,lmathewes1h@cargocollective.com,Genderqueer,Papiamento,70
Marne,Elcott,melcott1i@is.gd,Agender,New Zealand Sign Language,67
Pierette,Allenby,pallenby1j@irs.gov,Polygender,Dzongkha,32
Orin,Capaldi,ocapaldi1k@craigslist.org,Genderqueer,French,41
Domeniga,Gaye,dgaye1l@vk.com,Non-binary,Oriya,29
William,Hardcastle,whardcastle1m@chronoengine.com,Male,Irish Gaelic,47
Hildagard,Burbidge,hburbidge1n@zdnet.com,Genderfluid,Belarusian,70
Danette,Mitchall,dmitchall1o@hao123.com,Genderqueer,Spanish,43
Selinda,Kivits,skivits1p@paginegialle.it,Polygender,Finnish,26
Quinn,Rothon,qrothon1q@va.gov,Genderfluid,Georgian,56
Gerty,Hollebon,ghollebon1r@unc.edu,Male,Japanese,82
Heriberto,Hurry,hhurry1s@google.cn,Female,Portuguese,23
Tam,Willmont,twillmont1t@washington.edu,Polygender,Czech,29
Jessalin,Blowing,jblowing1u@woothemes.com,Male,Filipino,55
Nisse,Ham,nham1v@weather.com,Genderfluid,Malay,37
Marnie,Boylin,mboylin1w@rambler.ru,Genderqueer,Danish,44
Frans,Lynnitt,flynnitt1x@fotki.com,Agender,Estonian,33
Armando,Gass,agass1y@list-manage.com,Genderqueer,Indonesian,27
Glynda,Birchner,gbirchner1z@storify.com,Polygender,Kannada,56
Maryanne,Sposito,msposito20@barnesandnoble.com,Genderqueer,Portuguese,88
Morgan,Kibble,mkibble21@opera.com,Genderfluid,Luxembourgish,74
Corbet,Simione,csimione22@apache.org,Non-binary,Croatian,88
Letisha,Vanni,lvanni23@github.com,Non-binary,Tswana,43
Frederik,Gutman,fgutman24@qq.com,Agender,Tamil,32
Ernie,Bernaciak,ebernaciak25@soundcloud.com,Polygender,Māori,20
Gweneth,Vannet,gvannet26@opera.com,Agender,Afrikaans,59
Etheline,Constant,econstant27@qq.com,Polygender,Yiddish,72
Geoffrey,Falconer,gfalconer28@delicious.com,Female,Estonian,36
Lydia,Klemensiewicz,lklemensiewicz29@google.cn,Female,Kurdish,21
Heall,Nisby,hnisby2a@istockphoto.com,Male,Amharic,71
Inga,Laxston,ilaxston2b@zimbio.com,Genderqueer,Tajik,61
Raphaela,Ungaretti,rungaretti2c@domainmarket.com,Polygender,Swati,48
Cassie,Matisse,cmatisse2d@salon.com,Female,French,79
Matteo,Jorioz,mjorioz2e@irs.gov,Male,Dhivehi,66
Katuscha,Trowill,ktrowill2f@angelfire.com,Non-binary,Assamese,26
Marlena,Sambrok,msambrok2g@mtv.com,Male,Somali,59
Roselle,Weiser,rweiser2h@yandex.ru,Genderfluid,Arabic,69
Gert,McGivena,gmcgivena2i@whitehouse.gov,Female,Punjabi,88
Nickey,Giovanni,ngiovanni2j@blinklist.com,Female,Bosnian,35
Tova,Mouland,tmouland2k@soup.io,Bigender,Lao,26
Rockie,Mattersey,rmattersey2l@slate.com,Female,Quechua,49
Stephanie,Dallicott,sdallicott2m@vk.com,Agender,Filipino,61
Jorry,Illes,jilles2n@blogs.com,Agender,Czech,30
Hillier,Jacqueminet,hjacqueminet2o@dell.com,Non-binary,Bulgarian,56
Mada,Philipsen,mphilipsen2p@howstuffworks.com,Non-binary,Swahili,90
Leanora,Adame,ladame2q@devhub.com,Genderqueer,Armenian,69
Alida,Ewles,aewles2r@comcast.net,Male,Quechua,80
Marcela,Morl,mmorl2s@msu.edu,Genderfluid,Korean,81
Alex,Widdup,awiddup2t@blinklist.com,Non-binary,Persian,78
Nathanial,Inston,ninston2u@phpbb.com,Female,Persian,38
Andi,Gowrich,agowrich2v@indiatimes.com,Bigender,Finnish,46
Randall,Kobsch,rkobsch2w@nymag.com,Female,Somali,35
Reynard,Jurasek,rjurasek2x@bigcartel.com,Bigender,Papiamento,75
Pammie,Craven,pcraven2y@reverbnation.com,Bigender,Yiddish,52
Willy,Thorburn,wthorburn2z@cdbaby.com,Genderqueer,Catalan,34
Dodie,Jovovic,djovovic30@furl.net,Bigender,Icelandic,86
Phyllys,Bhar,pbhar31@privacy.gov.au,Non-binary,Croatian,20
Andrus,Farrance,afarrance32@mozilla.org,Genderfluid,Māori,47
Micky,Cleaves,mcleaves33@storify.com,Non-binary,German,62
Morissa,Zieme,mzieme34@i2i.jp,Female,Danish,68
Alexander,Hollows,ahollows35@omniture.com,Bigender,Tsonga,23
Domingo,Pickworth,dpickworth36@stanford.edu,Male,Montenegrin,28
Ailey,Dorant,adorant37@ocn.ne.jp,Non-binary,Kashmiri,75
Samara,Klimontovich,sklimontovich38@psu.edu,Bigender,Mongolian,42
Teodor,McGinnell,tmcginnell39@dagondesign.com,Female,Aymara,40
Horatio,Bowbrick,hbowbrick3a@census.gov,Genderqueer,Yiddish,40
Otis,Guyon,oguyon3b@google.com.hk,Genderqueer,Malagasy,75
Wanda,Tutsell,wtutsell3c@google.fr,Female,Tamil,78
Brigida,Assaf,bassaf3d@youtube.com,Genderqueer,Malayalam,77
Jeffrey,Mace,jmace3e@illinois.edu,Male,Thai,74
Kerry,Bergeon,kbergeon3f@cnet.com,Female,Tajik,44
Lotty,Radage,lradage3g@w3.org,Non-binary,Tsonga,20
Catlaina,Lamar,clamar3h@aboutads.info,Genderfluid,Gagauz,56
Tommy,Ballaam,tballaam3i@springer.com,Female,Māori,39
Russell,MacLese,rmaclese3j@nbcnews.com,Genderfluid,Marathi,68
Ulrike,Brimblecomb,ubrimblecomb3k@columbia.edu,Genderqueer,Zulu,18
Blinni,Schruurs,bschruurs3l@twitter.com,Genderqueer,Aymara,21
Gail,Colton,gcolton3m@sina.com.cn,Male,Bulgarian,85
Cammy,Buckwell,cbuckwell3n@miibeian.gov.cn,Female,Macedonian,68
Morty,Dinning,mdinning3o@prweb.com,Polygender,Italian,72
Lexis,Rimell,lrimell3p@about.com,Female,Fijian,57
Teodora,Wilsdon,twilsdon3q@purevolume.com,Bigender,Kannada,26
Reinaldo,Culpen,rculpen3r@stumbleupon.com,Genderqueer,Chinese,84
Lisha,Lafflina,llafflina3s@china.com.cn,Genderqueer,Telugu,67
Marlane,Leil,mleil3t@princeton.edu,Bigender,New Zealand Sign Language,43
Aluin,Taffee,ataffee3u@blogspot.com,Bigender,Maltese,51
Timoteo,Cawkwell,tcawkwell3v@harvard.edu,Genderfluid,Malagasy,40
Monique,Hyrons,mhyrons3w@wix.com,Polygender,Guaraní,64
Emmaline,Sodeau,esodeau3x@vkontakte.ru,Genderfluid,Persian,27
Martica,Rigney,mrigney3y@1688.com,Bigender,Assamese,37
Robbyn,Windham,rwindham3z@nbcnews.com,Agender,Korean,43
Price,Scotti,pscotti40@diigo.com,Non-binary,Gagauz,84
Ginny,Berns,gberns41@npr.org,Polygender,Kurdish,67
Codee,Kermannes,ckermannes42@amazon.co.jp,Bigender,Estonian,69
Tony,Berling,tberling43@twitter.com,Bigender,Polish,83
Zorine,Chrismas,zchrismas44@bigcartel.com,Genderqueer,Italian,19
Booth,Chicchelli,bchicchelli45@ustream.tv,Female,Māori,61
Anestassia,Adame,aadame46@sohu.com,Bigender,Thai,71
Belia,Nicholl,bnicholl47@facebook.com,Agender,Amharic,52
Sully,Jannings,sjannings48@microsoft.com,Genderfluid,Tajik,29
Gus,Cadwaladr,gcadwaladr49@networksolutions.com,Male,Hiri Motu,21
Barney,Cutcliffe,bcutcliffe4a@taobao.com,Bigender,Dhivehi,21
Marlee,Cawkill,mcawkill4b@mlb.com,Non-binary,Hindi,65
Euphemia,Tremblet,etremblet4c@chronoengine.com,Female,Malayalam,87
Ceil,Dunbar,cdunbar4d@reddit.com,Genderfluid,Catalan,42
Natty,Mizzi,nmizzi4e@imgur.com,Genderqueer,Bulgarian,64
Kylen,Devenny,kdevenny4f@abc.net.au,Agender,Georgian,18
Rand,Street,rstreet4g@blinklist.com,Agender,Italian,52
Remy,Assinder,rassinder4h@cafepress.com,Genderqueer,Catalan,42
Adelice,Halm,ahalm4i@umich.edu,Non-binary,Hindi,36
Augustine,Sandison,asandison4j@gov.uk,Non-binary,Tok Pisin,80
Alexandro,Domotor,adomotor4k@unesco.org,Polygender,Kazakh,54
Piggy,Oades,poades4l@delicious.com,Agender,Icelandic,65
Hercules,Hartley,hhartley4m@google.ca,Non-binary,Lao,89
Joana,O'Halleghane,johalleghane4n@vkontakte.ru,Male,Portuguese,40
Jaclyn,Walczak,jwalczak4o@hugedomains.com,Agender,Hungarian,51
Barby,Grebert,bgrebert4p@umich.edu,Polygender,Telugu,65
Sid,Davitashvili,sdavitashvili4q@latimes.com,Agender,Sotho,50
Mela,Henker,mhenker4r@sphinn.com,Non-binary,Albanian,52
Fanchette,Mowbray,fmowbray4s@boston.com,Male,Tswana,51
Gwenneth,Jamrowicz,gjamrowicz4t@independent.co.uk,Female,Dutch,24
Alice,Oller,aoller4u@pcworld.com,Agender,Japanese,63
Gabbi,Cowap,gcowap4v@reuters.com,Female,Kannada,56
Nickola,O'Grada,nograda4w@washington.edu,Polygender,Lao,82
Helaine,Ferrarini,hferrarini4x@yahoo.co.jp,Genderfluid,Polish,76
Rainer,Castille,rcastille4y@sogou.com,Female,Greek,33
Scotty,Loble,sloble4z@miibeian.gov.cn,Bigender,Kazakh,73
Annalise,Bartzen,abartzen50@un.org,Genderqueer,Punjabi,62
Dal,Lutwidge,dlutwidge51@clickbank.net,Bigender,Kashmiri,53
Roderigo,Cheyne,rcheyne52@msu.edu,Agender,Tswana,83
Lyn,Janeway,ljaneway53@jiathis.com,Agender,Danish,48
Rolfe,Sollime,rsollime54@gnu.org,Genderqueer,Malay,51
Ahmad,Russilll,arussilll55@quantcast.com,Agender,Portuguese,24
Jeth,Deavin,jdeavin56@sphinn.com,Non-binary,Nepali,32
Martguerita,Scougal,mscougal57@mediafire.com,Non-binary,Telugu,82
Nadia,Millan,nmillan58@livejournal.com,Bigender,New Zealand Sign Language,45
Noe,Jerrim,njerrim59@baidu.com,Agender,Swahili,26
Fairlie,Laurie,flaurie5a@theguardian.com,Non-binary,Romanian,64
Kerri,Zink,kzink5b@themeforest.net,Polygender,Kazakh,38
Charmane,Ferrero,cferrero5c@wufoo.com,Genderqueer,Nepali,28
Al,Butten,abutten5d@kickstarter.com,Non-binary,Papiamento,77
Jody,Kingsmill,jkingsmill5e@japanpost.jp,Bigender,Azeri,68
Kleon,Badman,kbadman5f@tmall.com,Genderqueer,Afrikaans,84
Dorris,Belsher,dbelsher5g@businesswire.com,Polygender,Tetum,36
Luci,Toquet,ltoquet5h@mashable.com,Bigender,Swati,29
Bonnee,Fildery,bfildery5i@statcounter.com,Female,Irish Gaelic,70
Wood,Primak,wprimak5j@arizona.edu,Non-binary,Pashto,77
Natal,Dewdney,ndewdney5k@kickstarter.com,Agender,Yiddish,90
Gabriela,Covell,gcovell5l@yellowbook.com,Bigender,Hiri Motu,69
Dulci,Kibard,dkibard5m@samsung.com,Bigender,Assamese,77
Stephanus,Symson,ssymson5n@blogs.com,Male,Polish,45
Yorker,McRamsey,ymcramsey5o@w3.org,Non-binary,Portuguese,80
Loria,Pindred,lpindred5p@dagondesign.com,Genderfluid,Chinese,50
Hyacinthe,Banasik,hbanasik5q@cloudflare.com,Genderqueer,Bengali,39
Burnard,Playford,bplayford5r@springer.com,Bigender,French,45
Brnaba,Simkiss,bsimkiss5s@ftc.gov,Polygender,Azeri,64
Judah,Nancarrow,jnancarrow5t@tmall.com,Genderqueer,Japanese,59
Gizela,Ivanilov,givanilov5u@ow.ly,Genderqueer,Telugu,59
Katerine,Bowbrick,kbowbrick5v@chicagotribune.com,Male,Tamil,63
Mia,Carwardine,mcarwardine5w@blogs.com,Female,Māori,56
Biron,Padilla,bpadilla5x@ifeng.com,Genderfluid,Aymara,62
Adelle,Alyutin,aalyutin5y@bigcartel.com,Female,Yiddish,19
Kathleen,Blown,kblown5z@xinhuanet.com,Polygender,Burmese,46
Josephina,Caulfield,jcaulfield60@washington.edu,Non-binary,Hindi,25
Adolphus,McBeth,amcbeth61@telegraph.co.uk,Bigender,Fijian,74
Elwira,Reek,ereek62@boston.com,Genderqueer,Kurdish,85
Philly,Shottin,pshottin63@salon.com,Agender,Khmer,28
Alaine,Mullaly,amullaly64@skyrock.com,Genderqueer,Gagauz,35
Tann,Kesby,tkesby65@lycos.com,Female,Swati,80
Afton,O'Driscole,aodriscole66@facebook.com,Female,Lithuanian,45
Yoko,Maving,ymaving67@goodreads.com,Genderqueer,Quechua,39
Hyatt,Battson,hbattson68@51.la,Female,Marathi,53
Elmore,Hartford,ehartford69@howstuffworks.com,Genderfluid,Dhivehi,80
Dannie,Gridley,dgridley6a@sun.com,Polygender,Somali,89
Verge,Lote,vlote6b@cnet.com,Genderqueer,Māori,68
Carla,Gladdin,cgladdin6c@123-reg.co.uk,Agender,Kannada,87
Sander,Pabst,spabst6d@si.edu,Genderfluid,Tswana,73
Bendix,Just,bjust6e@google.it,Agender,Dari,60
Fifi,Roney,froney6f@tripadvisor.com,Female,Irish Gaelic,26
Baudoin,Drayson,bdrayson6g@nature.com,Non-binary,Norwegian,45
Chickie,Raulston,craulston6h@vinaora.com,Male,Zulu,25
Leigh,Maffin,lmaffin6i@irs.gov,Bigender,Bulgarian,29
Barney,Beddall,bbeddall6j@netscape.com,Non-binary,Assamese,28
Tandy,Jephson,tjephson6k@webs.com,Bigender,Kyrgyz,84
Vite,LaBastida,vlabastida6l@eventbrite.com,Male,Catalan,78
Spencer,Keddey,skeddey6m@hp.com,Non-binary,Macedonian,84
Mateo,Musto,mmusto6n@squarespace.com,Agender,Kurdish,80
Lindsy,Gumary,lgumary6o@google.ru,Non-binary,Finnish,67
Lek,Dibdall,ldibdall6p@bravesites.com,Female,Guaraní,76
Linnet,Godlonton,lgodlonton6q@woothemes.com,Genderfluid,Hungarian,59
Merissa,Smead,msmead6r@howstuffworks.com,Polygender,Polish,77
Borg,Marney,bmarney6s@dropbox.com,Agender,Kannada,61
Maurice,Napolitano,mnapolitano6t@europa.eu,Female,Khmer,55
Nichols,Cabrer,ncabrer6u@simplemachines.org,Polygender,German,49
Cad,Jaques,cjaques6v@drupal.org,Agender,Norwegian,64
Jeramey,Navan,jnavan6w@rambler.ru,Agender,Aymara,28
Rudolf,Saladino,rsaladino6x@cisco.com,Genderqueer,Somali,87
Carla,Fandrey,cfandrey6y@jigsy.com,Polygender,Georgian,41
Bliss,Follos,bfollos6z@instagram.com,Bigender,Azeri,48
Wenona,Caltun,wcaltun70@zdnet.com,Genderfluid,Hindi,39
Ofilia,Height,oheight71@eepurl.com,Non-binary,Dhivehi,36
Packston,Mead,pmead72@163.com,Bigender,Catalan,25
Garret,Dales,gdales73@cnet.com,Genderqueer,Korean,43
Agnella,McCorkindale,amccorkindale74@123-reg.co.uk,Bigender,Thai,57
Darb,Dallinder,ddallinder75@noaa.gov,Genderqueer,Kashmiri,35
Paola,Lunnon,plunnon76@oaic.gov.au,Non-binary,Papiamento,69
Jemmy,McGillivray,jmcgillivray77@wikimedia.org,Female,Telugu,81
Garvin,Muirhead,gmuirhead78@washingtonpost.com,Non-binary,West Frisian,85
Liane,Paterson,lpaterson79@flickr.com,Female,Marathi,76
Britt,Piolli,bpiolli7a@macromedia.com,Genderqueer,Mongolian,88
Alphonse,Bassingden,abassingden7b@seesaa.net,Genderfluid,Bengali,48
Edan,Vondra,evondra7c@chron.com,Male,Tetum,84
Mirabel,Apthorpe,mapthorpe7d@answers.com,Agender,Quechua,20
Sidoney,Girdwood,sgirdwood7e@si.edu,Genderqueer,Tamil,39
Rania,Harfoot,rharfoot7f@cornell.edu,Non-binary,Haitian Creole,86
Katha,Foxen,kfoxen7g@adobe.com,Agender,Catalan,69
Fancy,Raffin,fraffin7h@unesco.org,Bigender,Bulgarian,50
Rosamond,Harkins,rharkins7i@engadget.com,Agender,Papiamento,27
Alon,Garvie,agarvie7j@thetimes.co.uk,Male,Marathi,85
Clarance,Crank,ccrank7k@oakley.com,Female,Finnish,48
Rozella,Biddlestone,rbiddlestone7l@army.mil,Genderqueer,Afrikaans,68
Andi,Cumes,acumes7m@creativecommons.org,Polygender,Pashto,63
Denny,Delph,ddelph7n@furl.net,Agender,Czech,27
Bertine,Sawnwy,bsawnwy7o@chron.com,Female,Aymara,78
Darleen,Rennocks,drennocks7p@geocities.jp,Female,Croatian,67
Anatola,Quye,aquye7q@omniture.com,Agender,New Zealand Sign Language,61
Esme,Trigwell,etrigwell7r@51.la,Agender,Dari,52
Dorice,Elsie,delsie7s@angelfire.com,Genderqueer,Tok Pisin,22
Nickolas,Dourin,ndourin7t@nytimes.com,Bigender,French,72
Marjorie,Boydon,mboydon7u@skyrock.com,Bigender,French,48
Wally,Condell,wcondell7v@reddit.com,Male,Somali,41
Kittie,Otto,kotto7w@kickstarter.com,Genderqueer,Dari,50
Alyss,Chiene,achiene7x@alexa.com,Genderqueer,Dutch,21
Arden,Trineman,atrineman7y@wired.com,Non-binary,Montenegrin,61
Francisco,Esmonde,fesmonde7z@meetup.com,Genderqueer,Latvian,36
Nikita,Defraine,ndefraine80@mysql.com,Male,Polish,18
Gayel,Kincla,gkincla81@ycombinator.com,Bigender,Somali,21
Baillie,Janks,bjanks82@tmall.com,Male,Indonesian,73
Edy,Daverin,edaverin83@bbb.org,Non-binary,Malayalam,74
Mabelle,Fluit,mfluit84@weebly.com,Female,Bulgarian,67
Brose,Elton,belton85@icq.com,Genderqueer,Māori,50
Sansone,Marvell,smarvell86@privacy.gov.au,Genderqueer,Nepali,66
Maggee,Andreix,mandreix87@list-manage.com,Genderqueer,Greek,74
Valentino,Errington,verrington88@earthlink.net,Male,Catalan,72
Bebe,Ambrosi,bambrosi89@sciencedaily.com,Non-binary,Japanese,26
Annalise,Duckering,aduckering8a@google.nl,Non-binary,Tajik,26
Amara,Arlt,aarlt8b@domainmarket.com,Polygender,Icelandic,18
Marj,Jorge,mjorge8c@delicious.com,Genderfluid,Khmer,58
Goldina,Flint,gflint8d@wordpress.com,Agender,Irish Gaelic,80
Lilas,Cator,lcator8e@comsenz.com,Genderqueer,Afrikaans,29
Emalia,Hinrichs,ehinrichs8f@japanpost.jp,Male,Hungarian,45
Derick,Dufore,ddufore8g@imdb.com,Bigender,Azeri,53
Jennine,Furnival,jfurnival8h@irs.gov,Genderqueer,German,34
Devlin,Cockayme,dcockayme8i@loc.gov,Genderqueer,Kyrgyz,86
Mortimer,Guppey,mguppey8j@bandcamp.com,Bigender,Korean,24
Pancho,Haeslier,phaeslier8k@usnews.com,Genderqueer,Assamese,84
Keri,Beetlestone,kbeetlestone8l@hatena.ne.jp,Genderfluid,Arabic,21
Marwin,Delgardo,mdelgardo8m@independent.co.uk,Male,Swati,39
Daron,Blakeston,dblakeston8n@gmpg.org,Agender,Persian,89
Nancey,Kummerlowe,nkummerlowe8o@yellowbook.com,Genderfluid,Zulu,35
Egan,Avison,eavison8p@hostgator.com,Genderfluid,Bengali,38
Finn,Pietrowicz,fpietrowicz8q@yellowpages.com,Male,Telugu,45
Marin,Karpychev,mkarpychev8r@salon.com,Bigender,Swahili,43
Monte,Lineen,mlineen8s@etsy.com,Male,Swedish,40
Erin,Villiers,evilliers8t@auda.org.au,Male,Amharic,47
Karna,Maddick,kmaddick8u@europa.eu,Male,Haitian Creole,33
Mariska,Job,mjob8v@goo.ne.jp,Female,Moldovan,28
Michell,Dwerryhouse,mdwerryhouse8w@nih.gov,Polygender,Nepali,74
Sella,Ainsby,sainsby8x@mapy.cz,Non-binary,Bulgarian,20
Omar,Fallens,ofallens8y@squidoo.com,Genderfluid,Indonesian,61
Karisa,Butchard,kbutchard8z@berkeley.edu,Male,Tsonga,49
Joseph,Arber,jarber90@oakley.com,Agender,Punjabi,57
Chaddy,Pasley,cpasley91@naver.com,Male,Bislama,33
Donella,Goodere,dgoodere92@free.fr,Non-binary,Arabic,67
Ario,Doale,adoale93@hibu.com,Agender,Kannada,41
Audra,Harme,aharme94@wordpress.com,Genderqueer,Japanese,54
Melamie,Turner,mturner95@seattletimes.com,Genderfluid,Moldovan,55
Keri,Booth,kbooth96@hhs.gov,Bigender,Moldovan,63
Chariot,Christoforou,cchristoforou97@csmonitor.com,Agender,Dutch,25
Clarette,Shury,cshury98@scientificamerican.com,Bigender,Persian,60
Homerus,Kelson,hkelson99@youku.com,Non-binary,Lithuanian,81
Dorena,Kose,dkose9a@hatena.ne.jp,Genderfluid,Burmese,90
Donnie,Agnew,dagnew9b@so-net.ne.jp,Genderqueer,Mongolian,45
Wit,Borgnol,wborgnol9c@mediafire.com,Bigender,Malayalam,29
Bartie,Daulby,bdaulby9d@google.pl,Bigender,Armenian,69
Brooke,Watmore,bwatmore9e@auda.org.au,Genderfluid,Pashto,76
Kelvin,Ledford,kledford9f@infoseek.co.jp,Polygender,Hebrew,29
Darwin,Bucknill,dbucknill9g@unesco.org,Female,Amharic,29
Therine,Millott,tmillott9h@harvard.edu,Polygender,Chinese,71
Garold,Melville,gmelville9i@blogs.com,Bigender,West Frisian,36
Emelina,Perrelli,eperrelli9j@boston.com,Female,Luxembourgish,33
Noel,Deerness,ndeerness9k@blogspot.com,Genderfluid,Dutch,81
Marla,Thiese,mthiese9l@npr.org,Genderfluid,Montenegrin,61
Emmy,Reedman,ereedman9m@nifty.com,Male,Dzongkha,72
Dareen,Grishakin,dgrishakin9n@digg.com,Genderfluid,Albanian,73
Elianore,Sofe,esofe9o@yolasite.com,Bigender,Khmer,85
Aloise,Daout,adaout9p@seesaa.net,Agender,Belarusian,34
Lambert,Riddall,lriddall9q@unesco.org,Bigender,Sotho,80
Sol,Fonzo,sfonzo9r@diigo.com,Male,Bengali,45
Katharyn,Thacker,kthacker9s@army.mil,Female,Kazakh,69
Gayelord,Aubrey,gaubrey9t@cisco.com,Male,Tok Pisin,66
Manon,M'cowis,mmcowis9u@sohu.com,Non-binary,Kurdish,74
Shaun,Levins,slevins9v@ucsd.edu,Agender,Persian,40
Shae,Bateman,sbateman9w@youtube.com,Male,Thai,37
Paulo,Elacoate,pelacoate9x@bizjournals.com,Male,Guaraní,57
Juliann,Domerc,jdomerc9y@utexas.edu,Genderfluid,Malay,54
Rudolph,Grunder,rgrunder9z@tinypic.com,Non-binary,Catalan,28
Corry,Yoslowitz,cyoslowitza0@independent.co.uk,Bigender,Somali,32
Pauli,Draper,pdrapera1@latimes.com,Genderfluid,Danish,74
Mersey,Corp,mcorpa2@seattletimes.com,Male,Zulu,62
Inge,Vela,ivelaa3@umn.edu,Bigender,Swati,44
Putnem,Birkmyre,pbirkmyrea4@drupal.org,Genderfluid,Kyrgyz,73
Madalena,Shoreman,mshoremana5@shinystat.com,Genderqueer,Arabic,47
Marje,Cauderlie,mcauderliea6@issuu.com,Male,Kyrgyz,86
Loydie,Yablsley,lyablsleya7@live.com,Polygender,Spanish,88
Hannah,Rizzo,hrizzoa8@washington.edu,Agender,Tok Pisin,27
Goldie,Curthoys,gcurthoysa9@edublogs.org,Female,Tsonga,20
Roselin,Risborough,rrisboroughaa@theguardian.com,Polygender,Lithuanian,53
Pollyanna,Bangs,pbangsab@alexa.com,Male,Hiri Motu,71
Cecile,Keddy,ckeddyac@alibaba.com,Bigender,Arabic,29
Jonis,Denge,jdengead@nydailynews.com,Non-binary,Norwegian,23
Glendon,Westmorland,gwestmorlandae@devhub.com,Bigender,Finnish,78
Godfrey,De Mattei,gdematteiaf@phoca.cz,Bigender,Dari,81
Erinn,Tasseler,etasselerag@gizmodo.com,Genderfluid,Malay,45
Ingemar,Fenkel,ifenkelah@uol.com.br,Male,Icelandic,88
Judon,Mantione,jmantioneai@blogtalkradio.com,Polygender,Finnish,75
Sansone,Ridde,sriddeaj@statcounter.com,Polygender,Georgian,34
Chan,Dunckley,cdunckleyak@nih.gov,Male,Czech,70
Florie,Ansett,fansettal@twitter.com,Genderqueer,Papiamento,49
Gail,Archbell,garchbellam@jalbum.net,Bigender,Norwegian,25
Torrey,Blumson,tblumsonan@amazon.co.jp,Agender,Montenegrin,18
Maurene,Marling,mmarlingao@examiner.com,Bigender,Pashto,57
Lissi,Bearcock,lbearcockap@odnoklassniki.ru,Bigender,Malay,47
Sonny,Eassom,seassomaq@wordpress.com,Genderqueer,Catalan,37
Juditha,Coulthard,jcoulthardar@diigo.com,Polygender,Azeri,84
Jareb,Halesworth,jhalesworthas@surveymonkey.com,Female,Norwegian,54
Damon,Bartoleyn,dbartoleynat@photobucket.com,Non-binary,French,50
Ikey,Borchardt,iborchardtau@goodreads.com,Polygender,Japanese,83
Reagan,Congreave,rcongreaveav@wikia.com,Non-binary,Aymara,72
Maggy,Yukhnin,myukhninaw@epa.gov,Agender,Kurdish,41
Elsy,Gilhool,egilhoolax@ifeng.com,Male,Estonian,19
Alyssa,Dare,adareay@ucsd.edu,Non-binary,West Frisian,66
Audie,Raund,araundaz@ucoz.com,Agender,Maltese,67
Bettye,Biagioni,bbiagionib0@reddit.com,Genderfluid,Persian,23
Aurea,Duddle,aduddleb1@paginegialle.it,Genderfluid,Belarusian,40
Tine,Avery,taveryb2@earthlink.net,Agender,Bislama,35
Rosie,Rablan,rrablanb3@nbcnews.com,Agender,Norwegian,83
Dill,Hof,dhofb4@ehow.com,Bigender,Dhivehi,38
Nadine,Grumley,ngrumleyb5@answers.com,Male,Khmer,53
Blinni,Yosevitz,byosevitzb6@godaddy.com,Agender,Amharic,65
Abbott,Rosenkranc,arosenkrancb7@yale.edu,Genderfluid,Bulgarian,89
Cliff,Crowter,ccrowterb8@accuweather.com,Male,Belarusian,31
Bianka,Iredale,biredaleb9@scribd.com,Female,Arabic,63
Yule,Hulles,yhullesba@rakuten.co.jp,Genderfluid,Icelandic,81
Baryram,Tamburo,btamburobb@ameblo.jp,Genderfluid,Japanese,18
Claus,Fazan,cfazanbc@jigsy.com,Polygender,Dari,32
Vivian,Juppe,vjuppebd@bloglines.com,Polygender,Pashto,89
Brigit,Palphreyman,bpalphreymanbe@ted.com,Male,Tok Pisin,68
Carri,Surman,csurmanbf@google.com.br,Genderqueer,Irish Gaelic,20
Agosto,Cluff,acluffbg@google.co.jp,Non-binary,Tajik,60
Floyd,Portress,fportressbh@cbsnews.com,Male,Afrikaans,65
Linnie,Louw,llouwbi@t.co,Genderqueer,Gujarati,28
Adolphe,Drews,adrewsbj@ibm.com,Genderqueer,Italian,43
Selma,Cureton,scuretonbk@nytimes.com,Bigender,Gagauz,90
Edlin,Carolan,ecarolanbl@dailymail.co.uk,Non-binary,Hiri Motu,69
Latashia,Wasielewicz,lwasielewiczbm@slideshare.net,Genderfluid,Swati,76
Karalee,Grinstead,kgrinsteadbn@samsung.com,Bigender,Indonesian,47
Peirce,Joss,pjossbo@amazon.com,Agender,Finnish,62
Murvyn,Gladyer,mgladyerbp@msu.edu,Male,Aymara,57
Toma,Gorsse,tgorssebq@com.com,Agender,Swahili,55
Frannie,Spacey,fspaceybr@bigcartel.com,Male,Azeri,35
Cristionna,McClymont,cmcclymontbs@google.cn,Agender,Maltese,77
Bianka,Dyne,bdynebt@purevolume.com,Non-binary,Polish,53
Pen,Harper,pharperbu@pcworld.com,Female,Swedish,42
Emmey,Van T'Hoog,evanthoogbv@nifty.com,Polygender,Bengali,81
Neville,Dugood,ndugoodbw@yahoo.co.jp,Polygender,Danish,41
Guntar,Paynton,gpayntonbx@webnode.com,Polygender,French,18
Franny,MacCaughen,fmaccaughenby@fda.gov,Agender,Pashto,63
Giffy,Risley,grisleybz@deliciousdays.com,Genderfluid,Romanian,42
Christabel,Reinhard,creinhardc0@so-net.ne.jp,Female,Dutch,88
Cristy,Thirlwell,cthirlwellc1@bbc.co.uk,Female,Afrikaans,89
Roley,Ells,rellsc2@usnews.com,Polygender,Bulgarian,60
Ysabel,Calderwood,ycalderwoodc3@altervista.org,Genderqueer,Dari,37
Olly,Tithecott,otithecottc4@bravesites.com,Non-binary,Tok Pisin,33
Burch,Fishburn,bfishburnc5@elpais.com,Agender,Gagauz,57
Dilly,Stanmer,dstanmerc6@cmu.edu,Agender,Maltese,35
Lambert,Grichukhanov,lgrichukhanovc7@squidoo.com,Bigender,Latvian,55
Nell,Gater,ngaterc8@hostgator.com,Male,Luxembourgish,47
Sarine,Faveryear,sfaveryearc9@fema.gov,Polygender,Gagauz,28
Bevin,Beakes,bbeakesca@cnbc.com,Genderfluid,Oriya,81
Caitrin,Jandak,cjandakcb@youku.com,Polygender,Czech,69
Barbey,Pregel,bpregelcc@patch.com,Agender,Persian,68
Theodore,Crowley,tcrowleycd@craigslist.org,Male,Maltese,41
Monti,Rogister,mrogisterce@state.tx.us,Polygender,Persian,90
Tiff,O'Scandall,toscandallcf@artisteer.com,Agender,Kannada,76
Myranda,Knoble,mknoblecg@walmart.com,Genderqueer,Luxembourgish,70
Smitty,Wagstaffe,swagstaffech@homestead.com,Genderfluid,Moldovan,40
Murry,Radin,mradinci@skype.com,Polygender,Italian,78
Kandy,Haszard,khaszardcj@discuz.net,Bigender,Swahili,90
Lucilia,Beran,lberanck@google.co.uk,Genderqueer,Malay,67
Hamlin,O'Murtagh,homurtaghcl@yelp.com,Male,Hiri Motu,21
Esmeralda,Falla,efallacm@blog.com,Agender,Hindi,86
Lin,Hattiff,lhattiffcn@histats.com,Non-binary,Malayalam,49
Fremont,Darragon,fdarragonco@domainmarket.com,Genderfluid,New Zealand Sign Language,52
Lockwood,Costall,lcostallcp@google.it,Genderfluid,Dutch,62
Arty,Boustred,aboustredcq@unc.edu,Male,Portuguese,20
Marris,Peschmann,mpeschmanncr@youtube.com,Male,Zulu,30
Christoph,Ferrettini,cferrettinics@timesonline.co.uk,Agender,Telugu,71
Benjamen,Barley,bbarleyct@apache.org,Polygender,Māori,66
Deerdre,Astell,dastellcu@tripadvisor.com,Female,Burmese,85
Jake,Grouer,jgrouercv@oracle.com,Bigender,Chinese,85
Randie,Ethersey,retherseycw@flickr.com,Male,Gagauz,54
Brew,Mattis,bmattiscx@patch.com,Agender,Swahili,88
Jacquetta,Cocher,jcochercy@reverbnation.com,Female,Lithuanian,32
Giustina,Sonnenschein,gsonnenscheincz@chron.com,Genderqueer,Croatian,39
Susette,Komorowski,skomorowskid0@reuters.com,Genderqueer,Amharic,48
Moises,Cordero,mcorderod1@bbc.co.uk,Non-binary,Kashmiri,56
Gabie,Joliffe,gjoliffed2@comsenz.com,Female,Afrikaans,44
Gabbi,Mateos,gmateosd3@go.com,Non-binary,English,64
Dru,Packe,dpacked4@cnbc.com,Genderqueer,Assamese,62
Dyann,Timbrell,dtimbrelld5@usnews.com,Genderqueer,Korean,47
Colan,Wycherley,cwycherleyd6@unesco.org,Genderqueer,Italian,59
Helenelizabeth,Dunstan,hdunstand7@fotki.com,Non-binary,Swati,37
Lark,Keggin,lkeggind8@bloomberg.com,Genderfluid,Quechua,72
Riordan,Bainbridge,rbainbridged9@sun.com,Bigender,Indonesian,89
Regina,Edgeler,redgelerda@fema.gov,Polygender,Nepali,84
Lorraine,Blare,lblaredb@altervista.org,Non-binary,Croatian,55
Edy,Maylam,emaylamdc@businesswire.com,Genderqueer,Thai,68
Tad,Witherop,twitheropdd@hhs.gov,Male,Zulu,24
Barrett,Beange,bbeangede@ifeng.com,Genderqueer,Japanese,65
Moritz,Tunna,mtunnadf@ning.com,Genderfluid,Chinese,18
Hans,Care,hcaredg@squidoo.com,Polygender,English,19
Fredericka,Sinderland,fsinderlanddh@1und1.de,Agender,Zulu,36
Skye,Stovin,sstovindi@creativecommons.org,Agender,Macedonian,24
Tobias,Remmers,tremmersdj@time.com,Male,Oriya,58
Maxie,Greenrde,mgreenrdedk@ehow.com,Female,Aymara,85
Pippa,Humphries,phumphriesdl@aboutads.info,Male,Dzongkha,81
Jinny,Gercke,jgerckedm@tuttocitta.it,Polygender,Kannada,78
Ermengarde,Aves,eavesdn@google.com,Bigender,Dutch,83
Craig,Aronstam,caronstamdo@wisc.edu,Bigender,Filipino,25
Dexter,Scoterbosh,dscoterboshdp@elegantthemes.com,Agender,Czech,73
Veronika,Povlsen,vpovlsendq@ebay.co.uk,Male,Montenegrin,40
Wini,Moultrie,wmoultriedr@adobe.com,Female,Swati,37
My,Filasov,mfilasovds@t.co,Genderqueer,Albanian,27
Bailey,Murra,bmurradt@newsvine.com,Polygender,Assamese,62
Cinderella,Kippie,ckippiedu@spiegel.de,Genderfluid,Dzongkha,65
Yvor,Cossum,ycossumdv@elpais.com,Bigender,Gagauz,86
Faustine,Purkiss,fpurkissdw@pinterest.com,Non-binary,Dari,86
Wandis,Riddich,wriddichdx@hugedomains.com,Female,German,26
Othilia,Chisman,ochismandy@narod.ru,Agender,Chinese,23
Birk,Sherwill,bsherwilldz@themeforest.net,Polygender,Malayalam,33
North,Luard,nluarde0@constantcontact.com,Male,Finnish,43
Allissa,Pringer,apringere1@google.com.au,Male,Bulgarian,72
Jorie,Scase,jscasee2@sitemeter.com,Non-binary,Punjabi,80
Meara,Demicoli,mdemicolie3@nsw.gov.au,Agender,Tswana,78
Margareta,Bithany,mbithanye4@amazon.com,Bigender,Malayalam,87
Nata,Ricciardello,nricciardelloe5@yahoo.co.jp,Polygender,Chinese,89
Patty,Maides,pmaidese6@cocolog-nifty.com,Non-binary,Finnish,34
Austina,Hynam,ahyname7@networkadvertising.org,Genderqueer,Zulu,35
Dolley,Zukerman,dzukermane8@t.co,Polygender,Arabic,88
Rockie,McLardie,rmclardiee9@microsoft.com,Polygender,Catalan,87
Lek,Askell,laskellea@wordpress.org,Male,Belarusian,56
Amalea,Millier,amilliereb@noaa.gov,Genderqueer,Afrikaans,77
Jessie,Lincke,jlinckeec@bizjournals.com,Non-binary,Kyrgyz,54
Panchito,Lough,ploughed@mysql.com,Genderfluid,Haitian Creole,31
Aprilette,Marvelley,amarvelleyee@behance.net,Non-binary,Maltese,48
Vinita,Giannotti,vgiannottief@statcounter.com,Female,Punjabi,80
Javier,Hindshaw,jhindshaweg@intel.com,Agender,Kashmiri,81
Davide,Dankov,ddankoveh@mysql.com,Agender,Marathi,40
Dillon,Brandel,dbrandelei@latimes.com,Female,Mongolian,34
Rozina,Redborn,rredbornej@sogou.com,Genderqueer,Hindi,76
Marya,Metham,mmethamek@fc2.com,Genderfluid,Gagauz,83
Cos,Commucci,ccommucciel@dropbox.com,Non-binary,Afrikaans,22
Hildegaard,Flintiff,hflintiffem@scribd.com,Male,Tajik,31
Lanie,Lansly,llanslyen@reverbnation.com,Polygender,Estonian,35
Thekla,Draper,tdrapereo@telegraph.co.uk,Bigender,German,64
Bale,Pinckney,bpinckneyep@blinklist.com,Male,Persian,20
Lennard,Josiah,ljosiaheq@arstechnica.com,Agender,French,22
Hammad,Curlis,hcurliser@salon.com,Genderqueer,Swati,33
Odele,Nertney,onertneyes@blogger.com,Polygender,Catalan,54
Conny,Slane,cslaneet@sun.com,Genderfluid,Marathi,73
Jordain,McLukie,jmclukieeu@imgur.com,Genderqueer,Khmer,36
Bart,Cafe,bcafeev@archive.org,Genderfluid,Tsonga,58
Benton,Shovelbottom,bshovelbottomew@china.com.cn,Non-binary,Marathi,84
Magdalen,Ambridge,mambridgeex@gnu.org,Non-binary,French,86
Massimiliano,Stormouth,mstormouthey@google.ca,Bigender,Malagasy,26
Ashely,Keson,akesonez@newyorker.com,Bigender,Dutch,76
Art,Janko,ajankof0@ftc.gov,Bigender,Latvian,57
Kris,Flipsen,kflipsenf1@slideshare.net,Female,Malay,57
Fedora,Ickovic,fickovicf2@cloudflare.com,Polygender,Kurdish,18
Kare,Baudichon,kbaudichonf3@whitehouse.gov,Female,Sotho,52
Paulina,Gemeau,pgemeauf4@unicef.org,Female,Tsonga,88
Holt,Benini,hbeninif5@cnet.com,Polygender,Malagasy,87
Celestyna,Wale,cwalef6@mediafire.com,Male,Albanian,43
Dan,Spitaro,dspitarof7@ezinearticles.com,Female,Lao,43
Robinson,Buckenham,rbuckenhamf8@biblegateway.com,Polygender,Moldovan,50
Kareem,Carnell,kcarnellf9@wsj.com,Polygender,Sotho,62
Devinne,Bannard,dbannardfa@w3.org,Polygender,Azeri,18
Page,Sauvain,psauvainfb@harvard.edu,Genderqueer,Bosnian,49
Thatch,Lishmund,tlishmundfc@dropbox.com,Non-binary,Croatian,37
Leela,Novichenko,lnovichenkofd@devhub.com,Agender,Māori,88
Brocky,Newton,bnewtonfe@amazon.com,Male,West Frisian,31
Shalna,Sieur,ssieurff@sciencedaily.com,Agender,Croatian,86
Kati,Goodfellow,kgoodfellowfg@wordpress.org,Male,Quechua,31
Clerc,Galia,cgaliafh@merriam-webster.com,Polygender,Guaraní,36
Candis,Fray,cfrayfi@spiegel.de,Bigender,Spanish,50
Kennan,Boshere,kbosherefj@jugem.jp,Bigender,Tajik,76
Rourke,Runacres,rrunacresfk@webs.com,Non-binary,Armenian,47
Doro,Merredy,dmerredyfl@addthis.com,Genderfluid,Croatian,75
Kaleb,Gothup,kgothupfm@shareasale.com,Male,Malay,73
Les,Biagi,lbiagifn@craigslist.org,Agender,Italian,68
Brian,Frizell,bfrizellfo@cisco.com,Male,Swedish,50
Buffy,Constanza,bconstanzafp@tmall.com,Polygender,Swati,44
Colver,Matteotti,cmatteottifq@nhs.uk,Genderqueer,Lao,34
Samson,Moorfield,smoorfieldfr@bbc.co.uk,Female,West Frisian,52
Dorice,Petkens,dpetkensfs@e-recht24.de,Non-binary,Burmese,49
Laurie,Delia,ldeliaft@tumblr.com,Genderqueer,Punjabi,19
Mahmud,Eayrs,meayrsfu@simplemachines.org,Polygender,Papiamento,44
Marley,Devin,mdevinfv@zimbio.com,Male,Montenegrin,78
Millie,Golda,mgoldafw@marketwatch.com,Bigender,Kurdish,81
Pammi,Cardew,pcardewfx@irs.gov,Bigender,Estonian,62
Reynold,Divver,rdivverfy@livejournal.com,Non-binary,Quechua,87
Torrin,McClounan,tmcclounanfz@themeforest.net,Male,Kazakh,27
April,Brockwell,abrockwellg0@rediff.com,Polygender,Kyrgyz,60
Adrienne,Corkell,acorkellg1@usda.gov,Non-binary,Bosnian,79
Lyell,Birney,lbirneyg2@netvibes.com,Non-binary,West Frisian,42
Bradan,Almon,balmong3@rakuten.co.jp,Male,Hebrew,85
Oralle,Dunstall,odunstallg4@gov.uk,Agender,Zulu,22
Gustavo,Frantzeni,gfrantzenig5@wired.com,Male,Swedish,71
Jo,Djokovic,jdjokovicg6@guardian.co.uk,Non-binary,Amharic,54
Darla,Swire,dswireg7@sbwire.com,Genderfluid,Maltese,74
Talyah,Gillooly,tgilloolyg8@skype.com,Polygender,Icelandic,22
Erl,Androlli,eandrollig9@ucsd.edu,Female,Icelandic,32
Jedidiah,Salt,jsaltga@netvibes.com,Non-binary,Chinese,78
Sandy,Garmans,sgarmansgb@flickr.com,Genderfluid,Mongolian,72
Anni,Couvert,acouvertgc@flickr.com,Agender,Tok Pisin,72
Letty,Francois,lfrancoisgd@elpais.com,Bigender,Maltese,29
Lynda,Dorward,ldorwardge@uol.com.br,Male,Lithuanian,66
Sherie,Thiolier,sthioliergf@msn.com,Female,Ndebele,78
Zollie,Layus,zlayusgg@hatena.ne.jp,Agender,Tok Pisin,62
Fenelia,Farquar,ffarquargh@furl.net,Bigender,French,40
Maxwell,Caurah,mcaurahgi@phpbb.com,Genderfluid,Romanian,56
Druci,Cominoli,dcominoligj@tumblr.com,Genderfluid,Tswana,59
Jameson,Moulder,jmouldergk@wikimedia.org,Female,Swati,54
Mario,Kernley,mkernleygl@addtoany.com,Genderfluid,Macedonian,38
Cecily,Cawdell,ccawdellgm@stanford.edu,Male,Filipino,27
Leshia,Gorcke,lgorckegn@tiny.cc,Agender,Belarusian,67
Gard,Casier,gcasiergo@hp.com,Polygender,Georgian,56
Worden,McIlheran,wmcilherangp@japanpost.jp,Male,Kazakh,23
Dulcia,Cabrera,dcabreragq@merriam-webster.com,Genderqueer,Somali,74
Benetta,Raccio,bracciogr@desdev.cn,Female,Punjabi,45
Lexie,Dearl,ldearlgs@rediff.com,Female,Khmer,72
Jesselyn,Mallord,jmallordgt@cpanel.net,Genderfluid,Finnish,67
Izaak,Osanne,iosannegu@google.com.br,Genderqueer,Spanish,65
Tandie,Yitzhak,tyitzhakgv@mozilla.com,Bigender,Swati,79
Bessie,Proback,bprobackgw@networksolutions.com,Non-binary,Irish Gaelic,38
Glyn,Renwick,grenwickgx@pagesperso-orange.fr,Non-binary,Mongolian,82
Gerhard,Spacy,gspacygy@tamu.edu,Genderfluid,Bengali,69
Jude,Pendred,jpendredgz@virginia.edu,Genderqueer,English,49
Keeley,Orto,kortoh0@ebay.com,Genderfluid,Kazakh,90
Zsazsa,Kubala,zkubalah1@imageshack.us,Female,Telugu,19
Galina,Duesbury,gduesburyh2@yellowbook.com,Non-binary,Japanese,47
Petunia,Tremellier,ptremellierh3@facebook.com,Genderqueer,Chinese,89
Tamarah,Binford,tbinfordh4@trellian.com,Genderfluid,Telugu,49
Carie,Macer,cmacerh5@e-recht24.de,Genderfluid,Marathi,37
Elden,Ochterlony,eochterlonyh6@dedecms.com,Male,Dari,78
Binni,Golling,bgollingh7@patch.com,Genderfluid,Bulgarian,79
Harris,Worvell,hworvellh8@wufoo.com,Female,Albanian,43
Vernon,Niemiec,vniemiech9@dropbox.com,Genderfluid,Irish Gaelic,65
Patsy,Woffinden,pwoffindenha@homestead.com,Bigender,Czech,46
Giralda,Balmforth,gbalmforthhb@samsung.com,Bigender,Estonian,36
Joli,Jeaycock,jjeaycockhc@chronoengine.com,Non-binary,Arabic,24
Elva,Heymes,eheymeshd@cbslocal.com,Agender,Norwegian,77
Trumann,Elderbrant,telderbranthe@economist.com,Polygender,Chinese,24
Leta,Ugoletti,lugolettihf@woothemes.com,Polygender,Swedish,77
Cristobal,Bartram,cbartramhg@amazon.com,Non-binary,Czech,21
Yevette,O'Henehan,yohenehanhh@bluehost.com,Female,Kurdish,50
Rita,Brammar,rbrammarhi@xing.com,Female,Kyrgyz,50
Yancey,Harpham,yharphamhj@google.com.hk,Male,Aymara,45
Ned,Tofanini,ntofaninihk@bizjournals.com,Polygender,Māori,25
Zaccaria,Salling,zsallinghl@go.com,Female,Albanian,68
Abbey,Batkin,abatkinhm@upenn.edu,Genderfluid,Dhivehi,56
Wallis,Antic,wantichn@dion.ne.jp,Non-binary,Macedonian,53
Jere,Alten,jaltenho@admin.ch,Polygender,Finnish,41
Jameson,Ciccotto,jciccottohp@theguardian.com,Agender,Estonian,51
Billy,Sherwell,bsherwellhq@state.tx.us,Female,Afrikaans,24
Elnora,Ventom,eventomhr@ebay.com,Genderfluid,Portuguese,50
Ardelis,Matuszkiewicz,amatuszkiewiczhs@walmart.com,Female,Amharic,35
Jacquie,Perfili,jperfiliht@samsung.com,Bigender,Guaraní,44
Petrina,Bourdel,pbourdelhu@globo.com,Male,Kashmiri,80
Quillan,Petrolli,qpetrollihv@google.com.au,Agender,Macedonian,79
Stephani,Fitzackerley,sfitzackerleyhw@statcounter.com,Agender,Malayalam,46
Marline,Mapham,mmaphamhx@mapy.cz,Polygender,Armenian,76
Carlita,Fluit,cfluithy@godaddy.com,Genderqueer,English,85
Rhys,Coolbear,rcoolbearhz@clickbank.net,Agender,Somali,41
Glen,Jandel,gjandeli0@businessinsider.com,Female,Portuguese,42
Dody,Gately,dgatelyi1@ning.com,Male,New Zealand Sign Language,21
Vale,McPike,vmcpikei2@a8.net,Genderfluid,Ndebele,87
Julio,Wrathmall,jwrathmalli3@umich.edu,Agender,Montenegrin,25
Melba,Orwell,morwelli4@intel.com,Female,Telugu,30
Westbrook,Giacomo,wgiacomoi5@twitpic.com,Non-binary,Bislama,66
Florella,Worg,fworgi6@java.com,Agender,Latvian,66
Bryn,Pithcock,bpithcocki7@i2i.jp,Polygender,Bislama,43
Frazer,Gatsby,fgatsbyi8@barnesandnoble.com,Agender,Korean,21
Morten,Ianiello,mianielloi9@wikimedia.org,Agender,Albanian,83
Oralla,Degenhardt,odegenhardtia@cargocollective.com,Non-binary,Tamil,43
Tremain,Dillow,tdillowib@google.cn,Agender,Tsonga,60
Rowen,Southerton,rsouthertonic@istockphoto.com,Bigender,Nepali,35
Sandie,Kettridge,skettridgeid@merriam-webster.com,Agender,Moldovan,39
Derrik,Eva,devaie@addtoany.com,Agender,Guaraní,56
Karly,Gilbert,kgilbertif@amazon.de,Genderqueer,Gujarati,45
Lil,Glison,lglisonig@jiathis.com,Male,Lithuanian,47
Evie,Woolvett,ewoolvettih@squidoo.com,Male,Lao,84
Rabi,Legier,rlegierii@tumblr.com,Bigender,Spanish,66
Arte,Clouston,acloustonij@microsoft.com,Female,Lao,62
Kelley,Brockie,kbrockieik@berkeley.edu,Polygender,Hiri Motu,78
Kirsten,Bladon,kbladonil@deviantart.com,Genderfluid,Bengali,72
Lari,Stack,lstackim@about.com,Bigender,Malay,62
Benn,Rawdales,brawdalesin@flavors.me,Female,Albanian,42
Wallas,Meake,wmeakeio@youku.com,Female,Tamil,66
Mattheus,Jersch,mjerschip@unc.edu,Agender,Swati,65
Terrill,Moar,tmoariq@uiuc.edu,Genderqueer,New Zealand Sign Language,48
Osbert,Ballach,oballachir@cnet.com,Female,Dari,63
Shandee,Truett,struettis@sourceforge.net,Genderqueer,Bosnian,74
Sophia,Gleed,sgleedit@microsoft.com,Polygender,Burmese,72
Ricardo,Stearns,rstearnsiu@tiny.cc,Genderfluid,Norwegian,63
Berty,Jeste,bjesteiv@wikimedia.org,Genderfluid,Kyrgyz,57
Lorens,Dowthwaite,ldowthwaiteiw@mlb.com,Agender,Quechua,54
Ranice,Peaker,rpeakerix@earthlink.net,Genderfluid,Afrikaans,43
Grace,Lottrington,glottringtoniy@unicef.org,Male,French,90
Quentin,Gilbard,qgilbardiz@bbb.org,Genderqueer,West Frisian,51
Lauritz,Murdoch,lmurdochj0@soundcloud.com,Polygender,Tajik,19
Eugenie,Treslove,etreslovej1@newsvine.com,Bigender,Kazakh,87
Read,Zoephel,rzoephelj2@addthis.com,Genderfluid,Malagasy,59
Ely,Plewman,eplewmanj3@vistaprint.com,Female,Swahili,31
Conrade,Kunkler,ckunklerj4@hp.com,Bigender,Luxembourgish,74
Thibaud,Gleasane,tgleasanej5@ow.ly,Genderfluid,Haitian Creole,69
Mohandis,Whordley,mwhordleyj6@washington.edu,Bigender,Thai,90
Genvieve,Shelvey,gshelveyj7@shop-pro.jp,Polygender,Haitian Creole,90
Heddi,Chimienti,hchimientij8@nationalgeographic.com,Bigender,Filipino,23
Inesita,Caudrelier,icaudrelierj9@csmonitor.com,Genderqueer,Albanian,33
Avril,Lockhurst,alockhurstja@illinois.edu,Genderqueer,Swati,39
Ingrim,Suggett,isuggettjb@blogs.com,Genderfluid,Kyrgyz,40
Bayard,Medling,bmedlingjc@storify.com,Agender,Pashto,47
Nady,Ginner,nginnerjd@plala.or.jp,Non-binary,Georgian,20
Rawley,Aubri,raubrije@joomla.org,Genderfluid,Assamese,76
Stanislaus,Alexsandrov,salexsandrovjf@gravatar.com,Non-binary,Danish,23
Felicle,Bertelet,fberteletjg@is.gd,Male,Albanian,75
Rickie,Brideoke,rbrideokejh@dyndns.org,Male,Afrikaans,28
Alexa,Rotlauf,arotlaufji@google.com.au,Female,Somali,34
Lesli,Hanway,lhanwayjj@nih.gov,Non-binary,Khmer,52
Mohandis,Wreath,mwreathjk@jalbum.net,Agender,Hindi,54
Ede,Dallicott,edallicottjl@altervista.org,Genderfluid,Persian,85
Collete,Gillison,cgillisonjm@washington.edu,Polygender,Haitian Creole,24
Baron,Ridwood,bridwoodjn@ehow.com,Female,Quechua,38
Amelita,Search,asearchjo@issuu.com,Bigender,Belarusian,74
Esteban,Diamond,ediamondjp@imgur.com,Polygender,Macedonian,76
Selene,Petow,spetowjq@webnode.com,Male,Tswana,90
Farrel,Postans,fpostansjr@fc2.com,Genderfluid,Tamil,20
Luke,Titman,ltitmanjs@sbwire.com,Bigender,Hindi,53
Deeann,Tax,dtaxjt@pagesperso-orange.fr,Male,Tetum,67
Brett,Gogie,bgogieju@over-blog.com,Female,German,39
Stephanie,Troyes,stroyesjv@arizona.edu,Non-binary,Lithuanian,55
Eloise,Sarge,esargejw@freewebs.com,Agender,Catalan,24
Candra,Slogrove,cslogrovejx@mapquest.com,Male,Somali,61
Anthe,Waddicor,awaddicorjy@forbes.com,Genderqueer,Amharic,40
Shaylynn,Eyckelbeck,seyckelbeckjz@toplist.cz,Genderqueer,Lithuanian,82
Alysa,McLaine,amclainek0@soup.io,Polygender,Thai,71
Kaile,Crayke,kcraykek1@pcworld.com,Agender,Swedish,57
Windy,Lillicrop,wlillicropk2@parallels.com,Female,Somali,64
Josey,Bulward,jbulwardk3@fema.gov,Genderfluid,Kannada,61
Billy,Darkott,bdarkottk4@icio.us,Polygender,Aymara,71
Valida,Jakel,vjakelk5@army.mil,Male,Catalan,52
Andee,Chubb,achubbk6@desdev.cn,Non-binary,Aymara,31
Elton,Sheron,esheronk7@blinklist.com,Agender,Somali,81
Millie,Omond,momondk8@webeden.co.uk,Male,Telugu,33
Sansone,Dauncey,sdaunceyk9@nbcnews.com,Bigender,Burmese,90
Raffaello,Bisiker,rbisikerka@globo.com,Bigender,Sotho,24
Simone,Dalgleish,sdalgleishkb@joomla.org,Polygender,Dari,39
Kira,Repper,krepperkc@aboutads.info,Genderfluid,French,25
Elyn,McIlwraith,emcilwraithkd@go.com,Polygender,Tswana,41
Samson,Lummis,slummiske@vkontakte.ru,Polygender,Papiamento,31
Amberly,Bjerkan,abjerkankf@wunderground.com,Genderqueer,Malayalam,51
Abrahan,Hobbert,ahobbertkg@stanford.edu,Non-binary,Romanian,53
Sibelle,Maskall,smaskallkh@squidoo.com,Male,Armenian,26
Lorna,Ickovitz,lickovitzki@hud.gov,Genderqueer,Tamil,37
Jasmine,Maslin,jmaslinkj@oaic.gov.au,Agender,Polish,73
Culley,Firmage,cfirmagekk@webeden.co.uk,Genderqueer,Assamese,85
Nessy,Hyam,nhyamkl@hatena.ne.jp,Agender,Albanian,37
Hendrik,Petera,hpeterakm@tinypic.com,Agender,Swahili,18
Brita,Rottcher,brottcherkn@nasa.gov,Non-binary,Oriya,66
Danice,Schultz,dschultzko@ovh.net,Female,Hebrew,65
Bidget,Gratton,bgrattonkp@yahoo.com,Non-binary,Swedish,20
Celene,Disbrey,cdisbreykq@google.com.br,Female,Georgian,50
Rabi,McKernan,rmckernankr@newsvine.com,Male,Macedonian,35
Carolina,Cotherill,ccotherillks@oakley.com,Genderqueer,Sotho,41
Elliott,Marczyk,emarczykkt@wikimedia.org,Polygender,Dutch,36
Halsy,Garnar,hgarnarku@multiply.com,Female,Punjabi,44
Roda,Argabrite,rargabritekv@ehow.com,Polygender,Māori,70
Gibb,Haack,ghaackkw@deviantart.com,Female,French,20
Bunni,Melross,bmelrosskx@prweb.com,Polygender,Kurdish,53
Henri,Belsey,hbelseyky@a8.net,Bigender,Tamil,56
Briano,Beddie,bbeddiekz@liveinternet.ru,Genderqueer,Filipino,18
Raina,Grigsby,rgrigsbyl0@dagondesign.com,Agender,Bosnian,56
Creigh,Mence,cmencel1@nymag.com,Non-binary,Korean,55
Phyllis,Leber,pleberl2@ca.gov,Polygender,Bulgarian,31
Gaspar,Murdy,gmurdyl3@unblog.fr,Polygender,Marathi,40
Raphael,Serrurier,rserrurierl4@cam.ac.uk,Non-binary,Malay,48
Fonsie,Mongin,fmonginl5@webnode.com,Male,Tswana,78
Jazmin,Prickett,jprickettl6@dagondesign.com,Genderqueer,Portuguese,18
Myrilla,Warnock,mwarnockl7@ovh.net,Bigender,German,60
Rora,Danigel,rdanigell8@skype.com,Female,Pashto,79
Joan,Wonfar,jwonfarl9@ucoz.ru,Female,Icelandic,22
Broderic,Rains,brainsla@weather.com,Female,English,76
Chuck,Yarrell,cyarrelllb@prlog.org,Bigender,Gagauz,90
Doe,Whordley,dwhordleylc@cdc.gov,Male,Malay,83
Nickolaus,Sharplin,nsharplinld@smh.com.au,Non-binary,Luxembourgish,75
Andreana,Hebron,ahebronle@icio.us,Polygender,Maltese,42
Sayers,Rowena,srowenalf@liveinternet.ru,Genderfluid,Georgian,80
Whit,Brewer,wbrewerlg@cyberchimps.com,Agender,Tsonga,52
Honoria,Cary,hcarylh@webs.com,Non-binary,Afrikaans,58
Forest,Housecraft,fhousecraftli@sina.com.cn,Agender,Mongolian,77
Ashby,Kupker,akupkerlj@altervista.org,Female,Māori,39
Danila,MacIlory,dmacilorylk@netscape.com,Polygender,Amharic,72
Hope,Guillond,hguillondll@telegraph.co.uk,Male,Azeri,60
Cosette,Risebrow,crisebrowlm@columbia.edu,Male,Danish,74
Dewie,Averay,daverayln@jalbum.net,Genderqueer,Swahili,59
Carlyn,Pendreigh,cpendreighlo@bluehost.com,Non-binary,English,38
Pepito,Harler,pharlerlp@macromedia.com,Female,Afrikaans,19
Khalil,Bottell,kbottelllq@google.it,Bigender,Swati,60
Inness,Avraam,iavraamlr@theatlantic.com,Non-binary,Quechua,81
Feodor,Madeley,fmadeleyls@sohu.com,Genderqueer,Dhivehi,53
Rikki,Paulack,rpaulacklt@tamu.edu,Genderfluid,Thai,55
Mitchel,Turmell,mturmelllu@yellowpages.com,Genderfluid,Hiri Motu,82
Avigdor,Kurdani,akurdanilv@weebly.com,Bigender,Tajik,75
Cort,Whitlock,cwhitlocklw@desdev.cn,Genderqueer,Dzongkha,76
Milton,Arundel,marundellx@bizjournals.com,Genderqueer,Malayalam,80
Norby,Arnholdt,narnholdtly@ehow.com,Agender,Indonesian,21
Berny,Ridout,bridoutlz@diigo.com,Female,Burmese,35
Emeline,Jensen,ejensenm0@shareasale.com,Female,West Frisian,20
Riannon,Cole,rcolem1@yahoo.com,Genderfluid,Dutch,45
Jaynell,Lycett,jlycettm2@behance.net,Polygender,Nepali,80
Lowrance,Kernermann,lkernermannm3@google.cn,Agender,Montenegrin,65
Melody,Jepp,mjeppm4@facebook.com,Polygender,New Zealand Sign Language,21
Judon,Gribbins,jgribbinsm5@trellian.com,Non-binary,Malay,53
Cherry,Collyns,ccollynsm6@eventbrite.com,Male,Georgian,70
Shay,Gorke,sgorkem7@tamu.edu,Non-binary,Dutch,22
Gail,Sirrell,gsirrellm8@wisc.edu,Agender,Montenegrin,55
Marlane,Colvin,mcolvinm9@simplemachines.org,Genderqueer,Korean,76
Jessi,Byres,jbyresma@ycombinator.com,Female,Indonesian,48
Nari,Glaister,nglaistermb@plala.or.jp,Female,Sotho,42
Hunter,Ferrario,hferrariomc@loc.gov,Bigender,Lithuanian,88
Susanna,Beggi,sbeggimd@dell.com,Agender,Oriya,22
Mal,Hucker,mhuckerme@cdc.gov,Bigender,Catalan,19
Clint,Hugin,chuginmf@lycos.com,Non-binary,Gujarati,55
Tamiko,Davidovics,tdavidovicsmg@timesonline.co.uk,Non-binary,Japanese,59
Genevra,Postgate,gpostgatemh@amazon.co.jp,Bigender,Zulu,21
Riane,Paulack,rpaulackmi@chronoengine.com,Polygender,Bosnian,46
Nikolia,Otton,nottonmj@apple.com,Agender,Spanish,81
Aeriela,Phateplace,aphateplacemk@prlog.org,Genderfluid,Yiddish,27
Brietta,Gasperi,bgasperiml@census.gov,Male,Quechua,30
Fedora,Wyatt,fwyattmm@economist.com,Genderfluid,Hiri Motu,35
Jermain,Crake,jcrakemn@delicious.com,Agender,Yiddish,68
Kimberly,Whistlecroft,kwhistlecroftmo@google.de,Genderfluid,Chinese,26
Dale,Guillain,dguillainmp@pinterest.com,Agender,Thai,57
Victoir,Gallahue,vgallahuemq@amazon.co.uk,Genderfluid,German,70
Goldy,Drayn,gdraynmr@telegraph.co.uk,Bigender,Tajik,52
Augusto,Pratchett,apratchettms@blogs.com,Female,Hebrew,26
Nat,Fielden,nfieldenmt@theguardian.com,Genderfluid,Swahili,34
Cozmo,Kix,ckixmu@gravatar.com,Polygender,Azeri,86
Layla,Gribbon,lgribbonmv@bbb.org,Agender,Danish,36
Halley,Helstrip,hhelstripmw@auda.org.au,Genderfluid,Dari,85
Denis,Berard,dberardmx@themeforest.net,Genderqueer,Bislama,49
Merrili,Stitfall,mstitfallmy@csmonitor.com,Non-binary,Telugu,55
Raddie,Guly,rgulymz@baidu.com,Female,Zulu,48
Lorain,De Beneditti,ldebenedittin0@example.com,Agender,West Frisian,76
Ulrica,Titman,utitmann1@dropbox.com,Genderqueer,Tswana,79
Rochette,Pettegre,rpettegren2@answers.com,Genderqueer,Filipino,80
Donnie,Puleston,dpulestonn3@hao123.com,Female,Finnish,50
Aurthur,Ioan,aioann4@sciencedirect.com,Non-binary,Oriya,59
Ilse,Alderwick,ialderwickn5@oracle.com,Polygender,French,24
Forbes,Kincla,fkinclan6@example.com,Male,Punjabi,63
Kristyn,Arnatt,karnattn7@elpais.com,Genderqueer,Irish Gaelic,27
Raychel,Bollard,rbollardn8@tmall.com,Agender,Tajik,21
Salli,Pischof,spischofn9@census.gov,Male,Finnish,47
Fredrika,Doody,fdoodyna@uiuc.edu,Male,Haitian Creole,29
Eolande,Ventam,eventamnb@examiner.com,Agender,Polish,62
Carleton,O'Cannon,cocannonnc@parallels.com,Bigender,Hiri Motu,68
Winnie,McGonigal,wmcgonigalnd@eepurl.com,Agender,Danish,54
Olwen,MacAndreis,omacandreisne@furl.net,Agender,Lithuanian,72
Serene,Brower,sbrowernf@nyu.edu,Polygender,Dzongkha,71
Viviene,Paumier,vpaumierng@tripadvisor.com,Bigender,Hungarian,73
Tuckie,Machan,tmachannh@seattletimes.com,Genderfluid,Portuguese,88
Donalt,Axten,daxtenni@desdev.cn,Non-binary,Finnish,72
Eduardo,Poker,epokernj@globo.com,Bigender,Macedonian,28
Salem,Inns,sinnsnk@blogger.com,Polygender,Arabic,26
Carolyne,Hulk,chulknl@reddit.com,Male,Gujarati,51
Pearl,McDirmid,pmcdirmidnm@etsy.com,Genderfluid,Italian,26
Thornie,Leif,tleifnn@bbc.co.uk,Male,French,30
Tammie,Pischel,tpischelno@chronoengine.com,Non-binary,Macedonian,68
Concettina,Blizard,cblizardnp@auda.org.au,Non-binary,Georgian,50
Tersina,Tollit,ttollitnq@tinypic.com,Polygender,Pashto,62
Langston,Alltimes,lalltimesnr@bluehost.com,Male,Khmer,32
Arnoldo,Hill,ahillns@rambler.ru,Bigender,Zulu,75
Leonard,Behan,lbehannt@purevolume.com,Genderqueer,Irish Gaelic,73
Rosemary,Abbets,rabbetsnu@biblegateway.com,Genderfluid,Oriya,75
Vonny,Ackenson,vackensonnv@narod.ru,Female,Italian,88
Humfried,Mardle,hmardlenw@flickr.com,Non-binary,Italian,89
Hedwiga,Ricciardo,hricciardonx@altervista.org,Bigender,Persian,47
Angelo,Groom,agroomny@fotki.com,Agender,Swati,28
Carmelita,Vahey,cvaheynz@xing.com,Female,Filipino,34
Laurene,Rizzardo,lrizzardoo0@bravesites.com,Bigender,Afrikaans,90
Antonella,Rubens,arubenso1@engadget.com,Polygender,Moldovan,69
Rubie,O'Calleran,rocallerano2@cyberchimps.com,Genderfluid,Bislama,77
Elle,Sessuns,esessunso3@acquirethisname.com,Non-binary,Belarusian,84
Eachelle,Gerrell,egerrello4@sciencedirect.com,Male,Kashmiri,86
Daffy,Auty,dautyo5@economist.com,Genderqueer,Northern Sotho,73
Biron,Mulqueeny,bmulqueenyo6@google.co.jp,Male,Dhivehi,51
Trever,Kubat,tkubato7@trellian.com,Polygender,Irish Gaelic,85
Delano,Cobbing,dcobbingo8@blogger.com,Bigender,Irish Gaelic,89
Dallon,Glendenning,dglendenningo9@slideshare.net,Genderqueer,Persian,18
Pacorro,Yoseloff,pyoseloffoa@arizona.edu,Non-binary,West Frisian,60
Kacie,Casino,kcasinoob@wikispaces.com,Genderqueer,Quechua,70
Georgianne,Ekins,gekinsoc@salon.com,Genderqueer,Kannada,73
Ferdy,Gravell,fgravellod@usatoday.com,Female,Sotho,19
Laurel,Jako,ljakooe@china.com.cn,Polygender,Korean,61
Mal,Piwell,mpiwellof@harvard.edu,Genderqueer,Arabic,85
Genia,Standage,gstandageog@bbb.org,Bigender,Catalan,46
Ole,Domb,odomboh@merriam-webster.com,Bigender,Polish,66
Bobbie,Lead,bleadoi@bloglines.com,Non-binary,Amharic,87
Merle,Matitiaho,mmatitiahooj@ucoz.com,Non-binary,Gagauz,36
Marjory,Swyn,mswynok@phpbb.com,Genderfluid,Danish,85
Adara,Quirke,aquirkeol@diigo.com,Genderqueer,Tok Pisin,39
Avictor,Potticary,apotticaryom@flickr.com,Genderfluid,Irish Gaelic,30
Gian,Sinfield,gsinfieldon@google.de,Polygender,Irish Gaelic,71
Sherilyn,Craske,scraskeoo@histats.com,Genderqueer,Armenian,45
Jobi,Domoney,jdomoneyop@netlog.com,Bigender,Gagauz,63
Melly,Skirling,mskirlingoq@noaa.gov,Female,Catalan,86
Carmina,Riha,crihaor@xrea.com,Female,Filipino,49
Selia,Lotze,slotzeos@goo.gl,Agender,Kyrgyz,72
Stacey,Biagioni,sbiagioniot@springer.com,Bigender,Filipino,79
Todd,Roo,trooou@who.int,Genderqueer,Thai,53
Gabriell,Ansett,gansettov@myspace.com,Genderfluid,Papiamento,87
Pasquale,Byart,pbyartow@sciencedaily.com,Agender,Somali,21
Dora,Shenley,dshenleyox@boston.com,Agender,Lithuanian,21
Maighdiln,Faulkes,mfaulkesoy@ebay.co.uk,Agender,Bosnian,60
Sherlock,Deverille,sdeverilleoz@google.nl,Male,Amharic,68
Holly-anne,Abramowitch,habramowitchp0@usda.gov,Non-binary,Hungarian,26
Harriot,Pattington,hpattingtonp1@shinystat.com,Agender,Māori,56
Dory,Topling,dtoplingp2@army.mil,Non-binary,New Zealand Sign Language,60
Amber,Knevett,aknevettp3@prweb.com,Agender,Tajik,80
Bunnie,Marwick,bmarwickp4@bigcartel.com,Genderqueer,Dzongkha,69
Morganica,Larn,mlarnp5@google.es,Male,Macedonian,85
Karel,Weatherby,kweatherbyp6@cnn.com,Male,Korean,83
Dorothy,Jennery,djenneryp7@jugem.jp,Female,Macedonian,76
Bettina,Snawdon,bsnawdonp8@devhub.com,Non-binary,Tok Pisin,43
Celinda,Swindall,cswindallp9@gmpg.org,Genderfluid,Bislama,56
Symon,Gherardelli,sgherardellipa@prnewswire.com,Genderqueer,Malay,42
Rey,Leckenby,rleckenbypb@purevolume.com,Bigender,Maltese,64
Archer,Lanham,alanhampc@google.cn,Male,Nepali,29
Dwayne,Tythacott,dtythacottpd@tamu.edu,Female,Catalan,58
Augustus,Silberschatz,asilberschatzpe@fema.gov,Male,Guaraní,52
Gilbertine,Padula,gpadulapf@eventbrite.com,Genderfluid,Bulgarian,21
Von,Pretti,vprettipg@telegraph.co.uk,Genderfluid,Kazakh,64
Lionel,Springell,lspringellph@booking.com,Genderqueer,Hindi,43
Hector,Paolo,hpaolopi@cornell.edu,Female,Tok Pisin,41
Marena,Rowett,mrowettpj@bizjournals.com,Male,Icelandic,59
Bear,McNair,bmcnairpk@spiegel.de,Polygender,Dzongkha,35
Eddy,Wick,ewickpl@github.com,Agender,Norwegian,50
Halie,Gookes,hgookespm@pcworld.com,Agender,Chinese,36
Laetitia,Bozward,lbozwardpn@live.com,Agender,Thai,74
Dory,Millan,dmillanpo@artisteer.com,Genderfluid,Greek,56
Caty,Hanham,chanhampp@mapquest.com,Agender,Haitian Creole,70
Randy,Tomini,rtominipq@theglobeandmail.com,Polygender,Latvian,35
Jobie,Tackes,jtackespr@irs.gov,Polygender,Guaraní,80
Moll,Yeulet,myeuletps@guardian.co.uk,Male,Greek,48
Layla,Sumpter,lsumpterpt@ezinearticles.com,Genderfluid,Catalan,59
Clio,Jerrolt,cjerroltpu@abc.net.au,Bigender,Marathi,69
Warden,Drysdall,wdrysdallpv@hubpages.com,Male,German,71
Alley,Taber,ataberpw@wsj.com,Non-binary,Czech,51
Kaleena,Klaff,kklaffpx@biblegateway.com,Genderfluid,Croatian,24
Mela,Cawthera,mcawtherapy@is.gd,Genderfluid,Burmese,41
Stanton,Batrick,sbatrickpz@cyberchimps.com,Agender,Yiddish,77
Dannel,Maskrey,dmaskreyq0@dyndns.org,Bigender,Kashmiri,90
Cherri,Southey,csoutheyq1@gov.uk,Female,Khmer,27
Khalil,Pering,kperingq2@taobao.com,Non-binary,Kyrgyz,65
Latrina,Henken,lhenkenq3@usda.gov,Agender,Mongolian,34
Phillida,McCalister,pmccalisterq4@ycombinator.com,Non-binary,West Frisian,22
Eldon,Smuth,esmuthq5@umn.edu,Male,Persian,29
Willdon,Gateland,wgatelandq6@pinterest.com,Bigender,Malay,42
Arney,Hugli,ahugliq7@infoseek.co.jp,Polygender,Marathi,89
Agna,Kingerby,akingerbyq8@discuz.net,Polygender,Zulu,38
Gusta,Karp,gkarpq9@mapquest.com,Bigender,Icelandic,60
Rosalia,Brogini,rbroginiqa@soundcloud.com,Genderfluid,Filipino,27
Kathryne,Dono,kdonoqb@vistaprint.com,Polygender,Arabic,86
Nerta,Marzello,nmarzelloqc@theglobeandmail.com,Polygender,Dhivehi,75
Ealasaid,Goricke,egorickeqd@amazon.co.jp,Genderqueer,Swahili,60
Georgy,Lawrance,glawranceqe@privacy.gov.au,Non-binary,Swati,23
Carter,Van Dijk,cvandijkqf@friendfeed.com,Non-binary,Quechua,21
Jameson,Rawcliff,jrawcliffqg@mayoclinic.com,Male,Armenian,69
Cameron,Ianetti,cianettiqh@skype.com,Female,Filipino,61
Jack,Devine,jdevineqi@twitpic.com,Male,Gagauz,49
Patten,Mallindine,pmallindineqj@paypal.com,Bigender,Albanian,75
Jamill,McConigal,jmcconigalqk@patch.com,Female,Thai,61
Jamaal,Schimek,jschimekql@ocn.ne.jp,Polygender,Kazakh,27
Vanessa,Guyers,vguyersqm@comsenz.com,Female,Fijian,28
Nickie,Morrow,nmorrowqn@irs.gov,Agender,Bosnian,49
Kev,Gabitis,kgabitisqo@php.net,Male,Dzongkha,35
Binny,Pratton,bprattonqp@godaddy.com,Agender,Kazakh,76
Perren,Oxbrow,poxbrowqq@senate.gov,Bigender,Filipino,85
Carlo,Monroe,cmonroeqr@gnu.org,Polygender,Tamil,38
Amabelle,Shama,ashamaqs@nationalgeographic.com,Agender,Filipino,57
Donetta,Werendell,dwerendellqt@imdb.com,Female,Khmer,84
Kaylyn,Flanne,kflannequ@jugem.jp,Genderfluid,Hindi,18
Doug,Shinner,dshinnerqv@domainmarket.com,Female,Georgian,75
Roselia,Pudner,rpudnerqw@hibu.com,Agender,Filipino,86
Falkner,Chatan,fchatanqx@nyu.edu,Female,Polish,18
Adan,Blint,ablintqy@myspace.com,Agender,Dhivehi,29
Teddie,Tarply,ttarplyqz@friendfeed.com,Male,Kannada,90
Erl,Upex,eupexr0@gizmodo.com,Bigender,German,81
Darice,Shoard,dshoardr1@slate.com,Male,Filipino,62
Hermina,Safell,hsafellr2@e-recht24.de,Genderqueer,Dari,60
Rickard,Comini,rcominir3@sina.com.cn,Bigender,French,49
Elayne,Walczynski,ewalczynskir4@behance.net,Genderqueer,Mongolian,64
Laural,De Carteret,ldecarteretr5@is.gd,Genderqueer,Filipino,84
Kenyon,Waind,kwaindr6@opensource.org,Bigender,Punjabi,67
Eileen,Shoebotham,eshoebothamr7@elpais.com,Polygender,Moldovan,89
Ailbert,Bourchier,abourchierr8@shareasale.com,Bigender,Montenegrin,90
Issie,Pasmore,ipasmorer9@51.la,Female,Bislama,54
Carly,Padgett,cpadgettra@ebay.co.uk,Bigender,Portuguese,26
Fidelia,de Banke,fdebankerb@hc360.com,Polygender,Māori,72
Juliette,Andrivel,jandrivelrc@nyu.edu,Genderfluid,Oriya,52
Nike,McSkin,nmcskinrd@biblegateway.com,Non-binary,Swahili,86
Adrien,Bolle,abollere@jalbum.net,Non-binary,Portuguese,22
Corinne,Maylam,cmaylamrf@squarespace.com,Bigender,Māori,45
Arv,Vardie,avardierg@plala.or.jp,Non-binary,Tswana,51
Harlene,Mayler,hmaylerrh@unesco.org,Polygender,Tswana,34
Tansy,Egglestone,tegglestoneri@issuu.com,Non-binary,Zulu,58
Mitzi,Zuppa,mzupparj@examiner.com,Genderqueer,Gagauz,74
Marcelo,Drought,mdroughtrk@deliciousdays.com,Bigender,Hebrew,49
Antonio,Bienvenu,abienvenurl@discuz.net,Bigender,Georgian,71
Marnie,Mees,mmeesrm@nih.gov,Bigender,Kurdish,22
Angel,Kimbell,akimbellrn@wikia.com,Male,Assamese,84
Randie,Burbage,rburbagero@infoseek.co.jp,Genderfluid,Lao,90
Carlin,Tadgell,ctadgellrp@hud.gov,Non-binary,Yiddish,42
Berri,Caldow,bcaldowrq@wordpress.com,Female,Estonian,66
Noach,Wilkins,nwilkinsrr@imdb.com,Bigender,Bengali,30
